-- Adminer 4.8.1 MySQL 8.0.29 dump

SET NAMES utf8;
SET time_zone = '+00:00';
SET foreign_key_checks = 0;
SET sql_mode = 'NO_AUTO_VALUE_ON_ZERO';

SET NAMES utf8mb4;

DROP DATABASE IF EXISTS `lumen`;
CREATE DATABASE `lumen` /*!40100 DEFAULT CHARACTER SET utf8mb4 COLLATE utf8mb4_0900_ai_ci */ /*!80016 DEFAULT ENCRYPTION='N' */;
USE `lumen`;

DROP TABLE IF EXISTS `dish`;
CREATE TABLE `dish`
(
    `id`         bigint unsigned                         NOT NULL AUTO_INCREMENT,
    `created_at` timestamp                               NULL DEFAULT NULL,
    `updated_at` timestamp                               NULL DEFAULT NULL,
    `title`      varchar(255) COLLATE utf8mb4_unicode_ci NOT NULL,
    `calories`   int unsigned                            NOT NULL,
    `user_id`    bigint unsigned                              DEFAULT NULL,
    PRIMARY KEY (`id`),
    KEY `dish_user_id_foreign` (`user_id`),
    CONSTRAINT `dish_user_id_foreign` FOREIGN KEY (`user_id`) REFERENCES `user` (`id`)
) ENGINE = InnoDB
  DEFAULT CHARSET = utf8mb4
  COLLATE = utf8mb4_unicode_ci;

INSERT INTO `dish` (`id`, `created_at`, `updated_at`, `title`, `calories`, `user_id`)
VALUES (1, '2022-05-04 04:11:32', '2022-05-04 04:11:32', 'voluptatem sit aut animi molestiae', 592, NULL),
       (2, '2022-05-04 04:11:32', '2022-05-04 04:11:32', 'autem debitis officiis', 358, NULL),
       (3, '2022-05-04 04:11:32', '2022-05-04 04:11:32', 'praesentium fugit ut sequi voluptates', 250, NULL),
       (4, '2022-05-04 04:11:32', '2022-05-04 04:11:32', 'mollitia tenetur voluptatem', 565, NULL),
       (5, '2022-05-04 04:11:32', '2022-05-04 04:11:32', 'sint tenetur repudiandae', 248, NULL),
       (6, '2022-05-04 04:11:32', '2022-05-04 04:11:32', 'qui', 129, NULL),
       (7, '2022-05-04 04:11:32', '2022-05-04 04:11:32', 'quae repudiandae quis', 353, NULL),
       (8, '2022-05-04 04:11:32', '2022-05-04 04:11:32', 'beatae voluptatem tempore nihil corrupti', 166, NULL),
       (9, '2022-05-04 04:11:32', '2022-05-04 04:11:32', 'mollitia perspiciatis accusamus', 757, NULL),
       (10, '2022-05-04 04:11:32', '2022-05-04 04:11:32', 'natus ut sequi', 658, NULL),
       (11, '2022-05-04 04:11:32', '2022-05-04 04:11:32', 'facilis enim sapiente sint', 524, NULL),
       (12, '2022-05-04 04:11:32', '2022-05-04 04:11:32', 'dolores voluptatem', 44, NULL),
       (13, '2022-05-04 04:11:32', '2022-05-04 04:11:32', 'dignissimos dolorum quas vel', 831, NULL),
       (14, '2022-05-04 04:11:32', '2022-05-04 04:11:32', 'quisquam enim placeat aut voluptatem', 188, NULL),
       (15, '2022-05-04 04:11:32', '2022-05-04 04:11:32', 'consequatur ut veniam', 311, NULL),
       (16, '2022-05-04 04:11:32', '2022-05-04 04:11:32', 'fugit', 802, NULL),
       (17, '2022-05-04 04:11:32', '2022-05-04 04:11:32', 'est ut nihil fuga velit', 152, NULL),
       (18, '2022-05-04 04:11:32', '2022-05-04 04:11:32', 'in dolore', 306, NULL),
       (19, '2022-05-04 04:11:32', '2022-05-04 04:11:32', 'et commodi voluptatem nulla beatae', 49, NULL),
       (20, '2022-05-04 04:11:32', '2022-05-04 04:11:32', 'quis exercitationem neque', 471, NULL),
       (21, '2022-05-04 04:11:32', '2022-05-04 04:11:32', 'ratione omnis iste officiis', 88, NULL),
       (22, '2022-05-04 04:11:32', '2022-05-04 04:11:32', 'reprehenderit sed sit', 30, NULL),
       (23, '2022-05-04 04:11:32', '2022-05-04 04:11:32', 'hic rem et', 690, NULL),
       (24, '2022-05-04 04:11:32', '2022-05-04 04:11:32', 'corporis eligendi', 138, NULL),
       (25, '2022-05-04 04:11:32', '2022-05-04 04:11:32', 'officia illum illum molestiae ullam', 432, NULL),
       (26, '2022-05-04 04:11:32', '2022-05-04 04:11:32', 'eaque', 268, NULL),
       (27, '2022-05-04 04:11:32', '2022-05-04 04:11:32', 'quia nostrum expedita', 51, NULL),
       (28, '2022-05-04 04:11:32', '2022-05-04 04:11:32', 'provident', 904, NULL),
       (29, '2022-05-04 04:11:32', '2022-05-04 04:11:32', 'dicta ut placeat debitis veniam', 321, NULL),
       (30, '2022-05-04 04:11:33', '2022-05-04 04:11:33', 'vitae reiciendis', 173, NULL),
       (31, '2022-05-04 04:11:33', '2022-05-04 04:11:33', 'laboriosam', 386, NULL),
       (32, '2022-05-04 04:11:33', '2022-05-04 04:11:33', 'et', 711, NULL),
       (33, '2022-05-04 04:11:33', '2022-05-04 04:11:33', 'vitae recusandae', 691, NULL),
       (34, '2022-05-04 04:11:33', '2022-05-04 04:11:33', 'quo eaque voluptatem', 510, NULL),
       (35, '2022-05-04 04:11:33', '2022-05-04 04:11:33', 'tempore id consectetur', 396, NULL),
       (36, '2022-05-04 04:11:33', '2022-05-04 04:11:33', 'accusantium', 199, NULL),
       (37, '2022-05-04 04:11:33', '2022-05-04 04:11:33', 'qui enim et', 745, NULL),
       (38, '2022-05-04 04:11:33', '2022-05-04 04:11:33', 'ea ex omnis', 852, NULL),
       (39, '2022-05-04 04:11:33', '2022-05-04 04:11:33', 'sit eaque occaecati magnam', 334, NULL),
       (40, '2022-05-04 04:11:33', '2022-05-04 04:11:33', 'veniam inventore eaque eum', 182, NULL),
       (41, '2022-05-04 04:11:33', '2022-05-04 04:11:33', 'itaque commodi delectus id', 933, NULL),
       (42, '2022-05-04 04:11:33', '2022-05-04 04:11:33', 'ut', 592, NULL),
       (43, '2022-05-04 04:11:33', '2022-05-04 04:11:33', 'facilis quo', 512, NULL),
       (44, '2022-05-04 04:11:33', '2022-05-04 04:11:33', 'voluptas in dolore', 514, NULL),
       (45, '2022-05-04 04:11:33', '2022-05-04 04:11:33', 'occaecati ipsam', 142, NULL),
       (46, '2022-05-04 04:11:33', '2022-05-04 04:11:33', 'aut ea', 27, NULL),
       (47, '2022-05-04 04:11:33', '2022-05-04 04:11:33', 'ex ullam', 197, NULL),
       (48, '2022-05-04 04:11:33', '2022-05-04 04:11:33', 'dolorem a vel ducimus et', 134, NULL),
       (49, '2022-05-04 04:11:33', '2022-05-04 04:11:33', 'officia eos', 378, NULL),
       (50, '2022-05-04 04:11:33', '2022-05-04 04:11:33', 'est aut', 620, NULL),
       (51, '2022-05-04 04:11:33', '2022-05-04 04:11:33', 'optio amet accusamus accusantium molestiae', 777, NULL),
       (52, '2022-05-04 04:11:33', '2022-05-04 04:11:33', 'quisquam accusamus dolor', 444, NULL),
       (53, '2022-05-04 04:11:33', '2022-05-04 04:11:33', 'aut eveniet voluptates', 229, NULL),
       (54, '2022-05-04 04:11:33', '2022-05-04 04:11:33', 'sed laboriosam eligendi', 527, NULL),
       (55, '2022-05-04 04:11:33', '2022-05-04 04:11:33', 'dolore ut', 941, NULL),
       (56, '2022-05-04 04:11:33', '2022-05-04 04:11:33', 'quis', 968, NULL),
       (57, '2022-05-04 04:11:33', '2022-05-04 04:11:33', 'quae nihil doloremque veniam', 362, NULL),
       (58, '2022-05-04 04:11:33', '2022-05-04 04:11:33', 'adipisci consequatur quisquam', 635, NULL),
       (59, '2022-05-04 04:11:33', '2022-05-04 04:11:33', 'qui est nisi quas', 636, NULL),
       (60, '2022-05-04 04:11:33', '2022-05-04 04:11:33', 'adipisci quo', 514, NULL),
       (61, '2022-05-04 04:11:33', '2022-05-04 04:11:33', 'mollitia', 666, NULL),
       (62, '2022-05-04 04:11:33', '2022-05-04 04:11:33', 'qui eaque dolor cumque', 542, NULL),
       (63, '2022-05-04 04:11:33', '2022-05-04 04:11:33', 'tempora velit error est', 109, NULL),
       (64, '2022-05-04 04:11:33', '2022-05-04 04:11:33', 'tempora', 898, NULL),
       (65, '2022-05-04 04:11:33', '2022-05-04 04:11:33', 'tenetur ut facere aliquam', 693, NULL),
       (66, '2022-05-04 04:11:33', '2022-05-04 04:11:33', 'pariatur', 953, NULL),
       (67, '2022-05-04 04:11:33', '2022-05-04 04:11:33', 'adipisci', 12, NULL),
       (68, '2022-05-04 04:11:33', '2022-05-04 04:11:33', 'iste', 585, NULL),
       (69, '2022-05-04 04:11:33', '2022-05-04 04:11:33', 'tenetur dolorem assumenda explicabo est', 581, NULL),
       (70, '2022-05-04 04:11:33', '2022-05-04 04:11:33', 'qui maiores quia vel', 892, NULL),
       (71, '2022-05-04 04:11:33', '2022-05-04 04:11:33', 'necessitatibus', 888, NULL),
       (72, '2022-05-04 04:11:33', '2022-05-04 04:11:33', 'optio est', 931, NULL),
       (73, '2022-05-04 04:11:33', '2022-05-04 04:11:33', 'sunt doloribus cupiditate voluptates dolores', 178, NULL),
       (74, '2022-05-04 04:11:33', '2022-05-04 04:11:33', 'voluptas amet consequatur alias sed', 288, NULL),
       (75, '2022-05-04 04:11:33', '2022-05-04 04:11:33', 'odit dolores fuga consequatur', 811, NULL),
       (76, '2022-05-04 04:11:33', '2022-05-04 04:11:33', 'qui nisi', 988, NULL),
       (77, '2022-05-04 04:11:33', '2022-05-04 04:11:33', 'maiores vel ullam sed', 173, NULL),
       (78, '2022-05-04 04:11:33', '2022-05-04 04:11:33', 'quidem vitae', 460, NULL),
       (79, '2022-05-04 04:11:33', '2022-05-04 04:11:33', 'alias', 10, NULL),
       (80, '2022-05-04 04:11:33', '2022-05-04 04:11:33', 'natus sint qui aut enim', 568, NULL),
       (81, '2022-05-04 04:11:33', '2022-05-04 04:11:33', 'ex accusamus voluptas', 595, NULL),
       (82, '2022-05-04 04:11:33', '2022-05-04 04:11:33', 'molestiae', 506, NULL),
       (83, '2022-05-04 04:11:33', '2022-05-04 04:11:33', 'iste ut doloribus qui', 704, NULL),
       (84, '2022-05-04 04:11:33', '2022-05-04 04:11:33', 'tempora dolorem fuga', 260, NULL),
       (85, '2022-05-04 04:11:33', '2022-05-04 04:11:33', 'at aliquid totam voluptas', 588, NULL),
       (86, '2022-05-04 04:11:33', '2022-05-04 04:11:33', 'rerum recusandae esse earum', 38, NULL),
       (87, '2022-05-04 04:11:33', '2022-05-04 04:11:33', 'provident', 430, NULL),
       (88, '2022-05-04 04:11:33', '2022-05-04 04:11:33', 'enim quasi quam dolor non', 554, NULL),
       (89, '2022-05-04 04:11:33', '2022-05-04 04:11:33', 'asperiores aliquam eius cupiditate', 981, NULL),
       (90, '2022-05-04 04:11:33', '2022-05-04 04:11:33', 'dolorum similique non', 402, NULL),
       (91, '2022-05-04 04:11:33', '2022-05-04 04:11:33', 'laudantium voluptas sint', 698, NULL),
       (92, '2022-05-04 04:11:33', '2022-05-04 04:11:33', 'consequatur minima omnis et', 637, NULL),
       (93, '2022-05-04 04:11:33', '2022-05-04 04:11:33', 'occaecati earum laudantium', 819, NULL),
       (94, '2022-05-04 04:11:33', '2022-05-04 04:11:33', 'voluptatem praesentium sequi', 696, NULL),
       (95, '2022-05-04 04:11:33', '2022-05-04 04:11:33', 'quasi est', 858, NULL),
       (96, '2022-05-04 04:11:33', '2022-05-04 04:11:33', 'qui perferendis', 62, NULL),
       (97, '2022-05-04 04:11:33', '2022-05-04 04:11:33', 'vel', 499, NULL),
       (98, '2022-05-04 04:11:33', '2022-05-04 04:11:33', 'voluptas ut recusandae et', 314, NULL),
       (99, '2022-05-04 04:11:33', '2022-05-04 04:11:33', 'id et', 424, NULL),
       (100, '2022-05-04 04:11:33', '2022-05-04 04:11:33', 'cum', 835, NULL);

DROP TABLE IF EXISTS `migrations`;
CREATE TABLE `migrations`
(
    `id`        int unsigned                            NOT NULL AUTO_INCREMENT,
    `migration` varchar(255) COLLATE utf8mb4_unicode_ci NOT NULL,
    `batch`     int                                     NOT NULL,
    PRIMARY KEY (`id`)
) ENGINE = InnoDB
  DEFAULT CHARSET = utf8mb4
  COLLATE = utf8mb4_unicode_ci;

INSERT INTO `migrations` (`id`, `migration`, `batch`)
VALUES (1, '2022_03_16_045240_create_user_table', 1),
       (2, '2022_03_16_045519_create_user_token_table', 1),
       (3, '2022_03_16_050022_create_dish_table', 1),
       (4, '2022_03_16_050231_create_user_food_log_table', 1),
       (5, '2022_03_22_125915_update_user_table_with_role', 1),
       (6, '2022_03_22_130212_update_dish_table_with_author', 1),
       (7, '2022_05_03_233454_create_user_cars_table', 1);

DROP TABLE IF EXISTS `user`;
CREATE TABLE `user`
(
    `id`         bigint unsigned                         NOT NULL AUTO_INCREMENT,
    `created_at` timestamp                               NULL     DEFAULT NULL,
    `updated_at` timestamp                               NULL     DEFAULT NULL,
    `username`   varchar(64) COLLATE utf8mb4_unicode_ci  NOT NULL,
    `password`   varchar(72) COLLATE utf8mb4_unicode_ci  NOT NULL,
    `role`       varchar(255) COLLATE utf8mb4_unicode_ci NOT NULL DEFAULT 'default',
    PRIMARY KEY (`id`),
    UNIQUE KEY `user_username_unique` (`username`)
) ENGINE = InnoDB
  DEFAULT CHARSET = utf8mb4
  COLLATE = utf8mb4_unicode_ci;

INSERT INTO `user` (`id`, `created_at`, `updated_at`, `username`, `password`, `role`)
VALUES (1, '2022-05-04 04:11:32', '2022-05-04 04:11:32', 'random',
        '$2y$10$O7ouJLvmNCjgKI9sala0/.STaLbzGvGZKuqDAX4sV/4D18Q8yyvzC', 'default'),
       (2, '2022-05-04 04:11:32', '2022-05-04 04:11:32', 'kudze',
        '$2y$10$rLzVE7CmWtyqFDwt1RYoFOXd2aIp2z5jGmYbIU4gXfolodxn9YeJG', 'admin');

DROP TABLE IF EXISTS `user_car`;
CREATE TABLE `user_car`
(
    `id`              bigint unsigned                    NOT NULL AUTO_INCREMENT,
    `created_at`      timestamp                          NULL DEFAULT NULL,
    `updated_at`      timestamp                          NULL DEFAULT NULL,
    `user_id`         bigint unsigned                    NOT NULL,
    `car_registry_id` int                                NOT NULL,
    `license_plate`   char(6) COLLATE utf8mb4_unicode_ci NOT NULL,
    PRIMARY KEY (`id`),
    UNIQUE KEY `user_car_license_plate_unique` (`license_plate`),
    KEY `user_car_user_id_foreign` (`user_id`),
    CONSTRAINT `user_car_user_id_foreign` FOREIGN KEY (`user_id`) REFERENCES `user` (`id`)
) ENGINE = InnoDB
  DEFAULT CHARSET = utf8mb4
  COLLATE = utf8mb4_unicode_ci;

INSERT INTO `user_car` (`id`, `created_at`, `updated_at`, `user_id`, `car_registry_id`, `license_plate`)
VALUES (1, '2022-05-04 04:11:34', '2022-05-04 04:11:34', 2, 12, 'nly724'),
       (2, '2022-05-04 04:11:34', '2022-05-04 04:11:34', 2, 5, 'lhr875'),
       (3, '2022-05-04 04:11:34', '2022-05-04 04:11:34', 2, 11, 'jky681'),
       (4, '2022-05-04 04:11:34', '2022-05-04 04:11:34', 2, 2, 'waj237'),
       (5, '2022-05-04 04:11:34', '2022-05-04 04:11:34', 2, 19, 'cvo444'),
       (6, '2022-05-04 04:11:34', '2022-05-04 04:11:34', 2, 14, 'rfs817'),
       (7, '2022-05-04 04:11:34', '2022-05-04 04:11:34', 2, 12, 'day119'),
       (8, '2022-05-04 04:11:34', '2022-05-04 04:11:34', 2, 19, 'pov716'),
       (9, '2022-05-04 04:11:34', '2022-05-04 04:11:34', 2, 2, 'wzg983'),
       (10, '2022-05-04 04:11:34', '2022-05-04 04:11:34', 2, 13, 'iev819'),
       (11, '2022-05-04 04:11:34', '2022-05-04 04:11:34', 2, 17, 'vsa728'),
       (12, '2022-05-04 04:11:34', '2022-05-04 04:11:34', 2, 11, 'nmu767'),
       (13, '2022-05-04 04:11:34', '2022-05-04 04:11:34', 2, 11, 'pjf373'),
       (14, '2022-05-04 04:11:34', '2022-05-04 04:11:34', 2, 24, 'qsz995'),
       (15, '2022-05-04 04:11:34', '2022-05-04 04:11:34', 2, 6, 'edz120'),
       (16, '2022-05-04 04:11:34', '2022-05-04 04:11:34', 2, 3, 'myj792'),
       (17, '2022-05-04 04:11:34', '2022-05-04 04:11:34', 2, 11, 'rrq360'),
       (18, '2022-05-04 04:11:34', '2022-05-04 04:11:34', 2, 19, 'hht797'),
       (19, '2022-05-04 04:11:34', '2022-05-04 04:11:34', 2, 11, 'zak510'),
       (20, '2022-05-04 04:11:34', '2022-05-04 04:11:34', 2, 12, 'jgk709'),
       (21, '2022-05-04 04:11:34', '2022-05-04 04:11:34', 2, 4, 'klv856'),
       (22, '2022-05-04 04:11:34', '2022-05-04 04:11:34', 2, 17, 'lcy826'),
       (23, '2022-05-04 04:11:34', '2022-05-04 04:11:34', 2, 14, 'iiy110'),
       (24, '2022-05-04 04:11:34', '2022-05-04 04:11:34', 2, 17, 'zpf885'),
       (25, '2022-05-04 04:11:34', '2022-05-04 04:11:34', 2, 11, 'xpo464'),
       (26, '2022-05-04 04:11:34', '2022-05-04 04:11:34', 2, 4, 'cqy513'),
       (27, '2022-05-04 04:11:34', '2022-05-04 04:11:34', 2, 17, 'lyz597'),
       (28, '2022-05-04 04:11:34', '2022-05-04 04:11:34', 2, 2, 'fzb630'),
       (29, '2022-05-04 04:11:34', '2022-05-04 04:11:34', 2, 14, 'flm932'),
       (30, '2022-05-04 04:11:34', '2022-05-04 04:11:34', 2, 11, 'wvn962'),
       (31, '2022-05-04 04:11:34', '2022-05-04 04:11:34', 2, 13, 'tax775'),
       (32, '2022-05-04 04:11:34', '2022-05-04 04:11:34', 2, 12, 'xmk191'),
       (33, '2022-05-04 04:11:34', '2022-05-04 04:11:34', 2, 2, 'dgb451'),
       (34, '2022-05-04 04:11:34', '2022-05-04 04:11:34', 2, 19, 'fng365'),
       (35, '2022-05-04 04:11:34', '2022-05-04 04:11:34', 2, 4, 'jmd521'),
       (36, '2022-05-04 04:11:34', '2022-05-04 04:11:34', 2, 12, 'wls238'),
       (37, '2022-05-04 04:11:34', '2022-05-04 04:11:34', 2, 6, 'ncu128'),
       (38, '2022-05-04 04:11:34', '2022-05-04 04:11:34', 2, 6, 'gfp918'),
       (39, '2022-05-04 04:11:34', '2022-05-04 04:11:34', 2, 11, 'bps304'),
       (40, '2022-05-04 04:11:34', '2022-05-04 04:11:34', 2, 14, 'ndf315'),
       (41, '2022-05-04 04:11:34', '2022-05-04 04:11:34', 2, 19, 'oyx639'),
       (42, '2022-05-04 04:11:34', '2022-05-04 04:11:34', 2, 12, 'jdh800'),
       (43, '2022-05-04 04:11:34', '2022-05-04 04:11:34', 2, 17, 'cjc116'),
       (44, '2022-05-04 04:11:34', '2022-05-04 04:11:34', 2, 2, 'nuk159'),
       (45, '2022-05-04 04:11:34', '2022-05-04 04:11:34', 2, 24, 'urb217'),
       (46, '2022-05-04 04:11:34', '2022-05-04 04:11:34', 2, 13, 'fag332'),
       (47, '2022-05-04 04:11:34', '2022-05-04 04:11:34', 2, 2, 'mbt971'),
       (48, '2022-05-04 04:11:34', '2022-05-04 04:11:34', 2, 3, 'ziw517'),
       (49, '2022-05-04 04:11:34', '2022-05-04 04:11:34', 2, 24, 'wfc637'),
       (50, '2022-05-04 04:11:34', '2022-05-04 04:11:34', 2, 11, 'adl741');

DROP TABLE IF EXISTS `user_food_log`;
CREATE TABLE `user_food_log`
(
    `id`         bigint unsigned NOT NULL AUTO_INCREMENT,
    `created_at` timestamp       NULL DEFAULT NULL,
    `updated_at` timestamp       NULL DEFAULT NULL,
    `user_id`    bigint unsigned NOT NULL,
    `dish_id`    bigint unsigned NOT NULL,
    `eaten_at`   timestamp       NOT NULL,
    PRIMARY KEY (`id`),
    KEY `user_food_log_user_id_foreign` (`user_id`),
    KEY `user_food_log_dish_id_foreign` (`dish_id`),
    CONSTRAINT `user_food_log_dish_id_foreign` FOREIGN KEY (`dish_id`) REFERENCES `dish` (`id`),
    CONSTRAINT `user_food_log_user_id_foreign` FOREIGN KEY (`user_id`) REFERENCES `user` (`id`)
) ENGINE = InnoDB
  DEFAULT CHARSET = utf8mb4
  COLLATE = utf8mb4_unicode_ci;

INSERT INTO `user_food_log` (`id`, `created_at`, `updated_at`, `user_id`, `dish_id`, `eaten_at`)
VALUES (1, '2022-05-04 04:11:33', '2022-05-04 04:11:33', 2, 8, '2021-10-05 09:27:12'),
       (2, '2022-05-04 04:11:33', '2022-05-04 04:11:33', 2, 97, '2022-01-24 01:02:19'),
       (3, '2022-05-04 04:11:33', '2022-05-04 04:11:33', 2, 63, '2022-02-02 19:46:12'),
       (4, '2022-05-04 04:11:33', '2022-05-04 04:11:33', 2, 2, '2022-02-15 02:48:30'),
       (5, '2022-05-04 04:11:33', '2022-05-04 04:11:33', 2, 20, '2021-07-25 22:17:51'),
       (6, '2022-05-04 04:11:33', '2022-05-04 04:11:33', 2, 11, '2022-03-20 07:40:26'),
       (7, '2022-05-04 04:11:33', '2022-05-04 04:11:33', 2, 77, '2021-08-24 02:27:17'),
       (8, '2022-05-04 04:11:33', '2022-05-04 04:11:33', 2, 81, '2022-01-11 22:27:17'),
       (9, '2022-05-04 04:11:33', '2022-05-04 04:11:33', 2, 9, '2022-01-09 20:28:57'),
       (10, '2022-05-04 04:11:33', '2022-05-04 04:11:33', 2, 11, '2022-05-02 03:34:51'),
       (11, '2022-05-04 04:11:33', '2022-05-04 04:11:33', 2, 62, '2021-10-22 00:20:11'),
       (12, '2022-05-04 04:11:33', '2022-05-04 04:11:33', 2, 10, '2022-04-17 15:42:41'),
       (13, '2022-05-04 04:11:33', '2022-05-04 04:11:33', 2, 14, '2022-02-10 19:58:47'),
       (14, '2022-05-04 04:11:33', '2022-05-04 04:11:33', 2, 22, '2022-03-30 21:55:41'),
       (15, '2022-05-04 04:11:33', '2022-05-04 04:11:33', 2, 8, '2021-08-01 02:00:57'),
       (16, '2022-05-04 04:11:33', '2022-05-04 04:11:33', 2, 21, '2022-01-19 19:55:41'),
       (17, '2022-05-04 04:11:33', '2022-05-04 04:11:33', 2, 15, '2021-12-13 05:43:07'),
       (18, '2022-05-04 04:11:33', '2022-05-04 04:11:33', 2, 13, '2022-03-15 04:31:54'),
       (19, '2022-05-04 04:11:33', '2022-05-04 04:11:33', 2, 40, '2021-11-13 04:54:18'),
       (20, '2022-05-04 04:11:33', '2022-05-04 04:11:33', 2, 1, '2021-11-12 02:33:07'),
       (21, '2022-05-04 04:11:33', '2022-05-04 04:11:33', 2, 21, '2022-03-25 05:33:26'),
       (22, '2022-05-04 04:11:33', '2022-05-04 04:11:33', 2, 15, '2022-03-15 06:44:35'),
       (23, '2022-05-04 04:11:33', '2022-05-04 04:11:33', 2, 24, '2022-04-13 02:22:14'),
       (24, '2022-05-04 04:11:33', '2022-05-04 04:11:33', 2, 96, '2021-12-13 05:28:54'),
       (25, '2022-05-04 04:11:33', '2022-05-04 04:11:33', 2, 62, '2022-01-25 19:39:43'),
       (26, '2022-05-04 04:11:33', '2022-05-04 04:11:33', 2, 89, '2021-12-10 13:14:46'),
       (27, '2022-05-04 04:11:33', '2022-05-04 04:11:33', 2, 78, '2021-06-04 23:54:40'),
       (28, '2022-05-04 04:11:33', '2022-05-04 04:11:33', 2, 30, '2021-12-10 15:16:22'),
       (29, '2022-05-04 04:11:33', '2022-05-04 04:11:33', 2, 10, '2021-11-27 22:28:48'),
       (30, '2022-05-04 04:11:33', '2022-05-04 04:11:33', 2, 42, '2022-03-18 10:09:32'),
       (31, '2022-05-04 04:11:33', '2022-05-04 04:11:33', 2, 82, '2021-07-20 16:15:35'),
       (32, '2022-05-04 04:11:33', '2022-05-04 04:11:33', 2, 100, '2021-05-08 11:31:59'),
       (33, '2022-05-04 04:11:33', '2022-05-04 04:11:33', 2, 73, '2021-12-10 10:07:35'),
       (34, '2022-05-04 04:11:33', '2022-05-04 04:11:33', 2, 83, '2021-11-28 16:57:16'),
       (35, '2022-05-04 04:11:33', '2022-05-04 04:11:33', 2, 55, '2022-03-25 14:36:49'),
       (36, '2022-05-04 04:11:33', '2022-05-04 04:11:33', 2, 42, '2022-02-12 17:06:44'),
       (37, '2022-05-04 04:11:33', '2022-05-04 04:11:33', 2, 54, '2022-03-28 16:28:45'),
       (38, '2022-05-04 04:11:33', '2022-05-04 04:11:33', 2, 33, '2021-06-25 01:18:43'),
       (39, '2022-05-04 04:11:33', '2022-05-04 04:11:33', 2, 45, '2021-11-11 08:30:11'),
       (40, '2022-05-04 04:11:33', '2022-05-04 04:11:33', 2, 32, '2022-01-27 07:40:14'),
       (41, '2022-05-04 04:11:33', '2022-05-04 04:11:33', 2, 59, '2021-12-11 22:55:40'),
       (42, '2022-05-04 04:11:33', '2022-05-04 04:11:33', 2, 15, '2021-11-14 23:46:26'),
       (43, '2022-05-04 04:11:33', '2022-05-04 04:11:33', 2, 63, '2021-12-02 12:57:41'),
       (44, '2022-05-04 04:11:33', '2022-05-04 04:11:33', 2, 72, '2022-02-26 18:42:43'),
       (45, '2022-05-04 04:11:33', '2022-05-04 04:11:33', 2, 9, '2021-07-26 05:21:40'),
       (46, '2022-05-04 04:11:33', '2022-05-04 04:11:33', 2, 74, '2022-05-02 14:48:24'),
       (47, '2022-05-04 04:11:33', '2022-05-04 04:11:33', 2, 22, '2021-11-16 14:08:47'),
       (48, '2022-05-04 04:11:33', '2022-05-04 04:11:33', 2, 33, '2022-03-03 02:10:58'),
       (49, '2022-05-04 04:11:33', '2022-05-04 04:11:33', 2, 80, '2021-05-07 07:20:55'),
       (50, '2022-05-04 04:11:33', '2022-05-04 04:11:33', 2, 39, '2021-09-13 12:16:19'),
       (51, '2022-05-04 04:11:33', '2022-05-04 04:11:33', 2, 81, '2021-11-24 11:50:30'),
       (52, '2022-05-04 04:11:33', '2022-05-04 04:11:33', 2, 81, '2022-04-07 04:40:26'),
       (53, '2022-05-04 04:11:33', '2022-05-04 04:11:33', 2, 87, '2021-05-21 14:01:01'),
       (54, '2022-05-04 04:11:33', '2022-05-04 04:11:33', 2, 55, '2022-05-03 06:09:05'),
       (55, '2022-05-04 04:11:33', '2022-05-04 04:11:33', 2, 45, '2021-09-21 21:12:14'),
       (56, '2022-05-04 04:11:33', '2022-05-04 04:11:33', 2, 43, '2021-12-01 11:30:02'),
       (57, '2022-05-04 04:11:33', '2022-05-04 04:11:33', 2, 30, '2022-03-03 09:31:56'),
       (58, '2022-05-04 04:11:33', '2022-05-04 04:11:33', 2, 86, '2022-04-10 20:00:38'),
       (59, '2022-05-04 04:11:33', '2022-05-04 04:11:33', 2, 32, '2021-08-03 19:12:17'),
       (60, '2022-05-04 04:11:33', '2022-05-04 04:11:33', 2, 95, '2021-11-21 14:00:59'),
       (61, '2022-05-04 04:11:33', '2022-05-04 04:11:33', 2, 22, '2022-02-21 12:28:58'),
       (62, '2022-05-04 04:11:33', '2022-05-04 04:11:33', 2, 13, '2021-07-29 19:33:21'),
       (63, '2022-05-04 04:11:33', '2022-05-04 04:11:33', 2, 66, '2021-09-10 02:50:12'),
       (64, '2022-05-04 04:11:33', '2022-05-04 04:11:33', 2, 96, '2021-05-30 23:59:00'),
       (65, '2022-05-04 04:11:34', '2022-05-04 04:11:34', 2, 33, '2021-05-17 21:46:27'),
       (66, '2022-05-04 04:11:34', '2022-05-04 04:11:34', 2, 66, '2021-09-18 19:29:49'),
       (67, '2022-05-04 04:11:34', '2022-05-04 04:11:34', 2, 30, '2022-02-08 02:57:28'),
       (68, '2022-05-04 04:11:34', '2022-05-04 04:11:34', 2, 15, '2021-09-06 23:53:32'),
       (69, '2022-05-04 04:11:34', '2022-05-04 04:11:34', 2, 62, '2021-09-12 17:10:10'),
       (70, '2022-05-04 04:11:34', '2022-05-04 04:11:34', 2, 68, '2022-04-02 14:04:06'),
       (71, '2022-05-04 04:11:34', '2022-05-04 04:11:34', 2, 33, '2021-06-08 02:14:28'),
       (72, '2022-05-04 04:11:34', '2022-05-04 04:11:34', 2, 68, '2022-03-08 20:28:39'),
       (73, '2022-05-04 04:11:34', '2022-05-04 04:11:34', 2, 62, '2021-07-20 00:44:01'),
       (74, '2022-05-04 04:11:34', '2022-05-04 04:11:34', 2, 51, '2021-06-20 16:47:56'),
       (75, '2022-05-04 04:11:34', '2022-05-04 04:11:34', 2, 8, '2022-03-18 23:03:19'),
       (76, '2022-05-04 04:11:34', '2022-05-04 04:11:34', 2, 36, '2021-10-12 14:56:00'),
       (77, '2022-05-04 04:11:34', '2022-05-04 04:11:34', 2, 24, '2022-03-09 12:20:58'),
       (78, '2022-05-04 04:11:34', '2022-05-04 04:11:34', 2, 3, '2022-02-21 17:30:46'),
       (79, '2022-05-04 04:11:34', '2022-05-04 04:11:34', 2, 11, '2022-02-01 16:40:15'),
       (80, '2022-05-04 04:11:34', '2022-05-04 04:11:34', 2, 63, '2021-05-06 13:27:55'),
       (81, '2022-05-04 04:11:34', '2022-05-04 04:11:34', 2, 31, '2021-08-10 23:29:41'),
       (82, '2022-05-04 04:11:34', '2022-05-04 04:11:34', 2, 71, '2022-05-03 00:03:09'),
       (83, '2022-05-04 04:11:34', '2022-05-04 04:11:34', 2, 76, '2022-02-24 20:55:34'),
       (84, '2022-05-04 04:11:34', '2022-05-04 04:11:34', 2, 87, '2022-04-03 12:28:25'),
       (85, '2022-05-04 04:11:34', '2022-05-04 04:11:34', 2, 17, '2021-08-14 23:26:37'),
       (86, '2022-05-04 04:11:34', '2022-05-04 04:11:34', 2, 84, '2021-07-11 00:27:06'),
       (87, '2022-05-04 04:11:34', '2022-05-04 04:11:34', 2, 17, '2021-07-04 19:54:14'),
       (88, '2022-05-04 04:11:34', '2022-05-04 04:11:34', 2, 48, '2022-04-12 07:24:47'),
       (89, '2022-05-04 04:11:34', '2022-05-04 04:11:34', 2, 98, '2021-11-10 13:35:58'),
       (90, '2022-05-04 04:11:34', '2022-05-04 04:11:34', 2, 83, '2021-10-31 23:07:48'),
       (91, '2022-05-04 04:11:34', '2022-05-04 04:11:34', 2, 14, '2022-03-19 13:16:08'),
       (92, '2022-05-04 04:11:34', '2022-05-04 04:11:34', 2, 1, '2021-05-23 15:27:32'),
       (93, '2022-05-04 04:11:34', '2022-05-04 04:11:34', 2, 39, '2021-07-12 06:25:18'),
       (94, '2022-05-04 04:11:34', '2022-05-04 04:11:34', 2, 5, '2021-11-23 17:09:12'),
       (95, '2022-05-04 04:11:34', '2022-05-04 04:11:34', 2, 31, '2022-01-26 15:15:02'),
       (96, '2022-05-04 04:11:34', '2022-05-04 04:11:34', 2, 68, '2021-06-05 22:14:52'),
       (97, '2022-05-04 04:11:34', '2022-05-04 04:11:34', 2, 98, '2022-04-05 21:22:15'),
       (98, '2022-05-04 04:11:34', '2022-05-04 04:11:34', 2, 43, '2021-07-05 05:39:34'),
       (99, '2022-05-04 04:11:34', '2022-05-04 04:11:34', 2, 74, '2022-02-27 17:47:28'),
       (100, '2022-05-04 04:11:34', '2022-05-04 04:11:34', 2, 22, '2021-09-21 07:22:19');

DROP TABLE IF EXISTS `user_token`;
CREATE TABLE `user_token`
(
    `id`              bigint unsigned                         NOT NULL AUTO_INCREMENT,
    `created_at`      timestamp                               NULL DEFAULT NULL,
    `updated_at`      timestamp                               NULL DEFAULT NULL,
    `user_id`         bigint unsigned                         NOT NULL,
    `token`           varchar(128) COLLATE utf8mb4_unicode_ci NOT NULL,
    `created_from_ip` varchar(45) COLLATE utf8mb4_unicode_ci       DEFAULT NULL,
    `valid_till`      timestamp                               NOT NULL,
    PRIMARY KEY (`id`),
    UNIQUE KEY `user_token_token_unique` (`token`),
    KEY `user_token_user_id_foreign` (`user_id`),
    CONSTRAINT `user_token_user_id_foreign` FOREIGN KEY (`user_id`) REFERENCES `user` (`id`)
) ENGINE = InnoDB
  DEFAULT CHARSET = utf8mb4
  COLLATE = utf8mb4_unicode_ci;


-- 2022-05-04 01:12:12
